{"cameraMode":{"drawMode":0,"name":"Shaded","section":"Shading Mode"},"sceneLighting":false,"audioPlay":false,"sceneViewState":{"showFog":true,"showMaterialUpdate":false,"showSkybox":true,"showFlares":true,"showImageEffects":true,"showParticleSystems":true},"in2DMode":false,"pivot":{"x":-1.3202238082885743,"y":0.8256949186325073,"z":0.044069886207580569},"rotation":{"x":-0.10809922218322754,"y":-0.020286396145820619,"z":0.002206243108958006,"w":-0.9939306974411011},"size":4.6817402839660648,"orthographic":false}