{"cameraMode":{"drawMode":0,"name":"Shaded","section":"Shading Mode"},"sceneLighting":true,"audioPlay":false,"sceneViewState":{"showFog":true,"showMaterialUpdate":false,"showSkybox":true,"showFlares":true,"showImageEffects":true,"showParticleSystems":true},"in2DMode":false,"pivot":{"x":2.8200623989105226,"y":6.583446502685547,"z":11.056964874267579},"rotation":{"x":0.012508007697761059,"y":0.9455231428146362,"z":-0.32325002551078799,"w":0.03659346327185631},"size":59.65184783935547,"orthographic":false}